-- ============================================================
-- OA办公管理系统 - 测试数据初始化脚本
-- 版本: v1.0
-- 说明: 在 oa_init.sql 执行后运行，填充7个数据库的测试数据
-- 数据范围: 2026年6月-7月
-- ============================================================

SET NAMES utf8mb4;

-- ============================================================
-- 1. user_db: 清理旧测试数据 + 扩展用户
-- ============================================================
USE user_db;

-- 清理旧测试用户及关联数据（保留 admin/zhangsan/lisi/wangwu 等初始用户）
DELETE FROM sys_user_role WHERE user_id >= 5;
DELETE FROM sys_user WHERE id >= 5;

-- 插入新用户 (密码为 123456 的 BCrypt)
INSERT INTO sys_user (id, username, password, real_name, phone, email, gender, dept_id, position_id, entry_date, status) VALUES
(5, 'zhaoliu', '$2a$10$ibW83Nv5NmQh1e1TlU8tdOazMzoe4aPsQRIJ2y9N6fqXuc7.FxiRK', '赵六', '13800000004', 'zhaoliu@oa.com',   0, 4, 7, '2025-03-20', 1),
(6, 'sunqi',   '$2a$10$ibW83Nv5NmQh1e1TlU8tdOazMzoe4aPsQRIJ2y9N6fqXuc7.FxiRK', '孙七', '13800000005', 'sunqi@oa.com',     1, 5, 8, '2025-06-01', 1),
(7, 'zhouba',  '$2a$10$ibW83Nv5NmQh1e1TlU8tdOazMzoe4aPsQRIJ2y9N6fqXuc7.FxiRK', '周八', '13800000006', 'zhouba@oa.com',    1, 2, 3, '2025-09-01', 1),
(8, 'wujiu',   '$2a$10$ibW83Nv5NmQh1e1TlU8tdOazMzoe4aPsQRIJ2y9N6fqXuc7.FxiRK', '吴九', '13800000007', 'wujiu@oa.com',     0, 3, 6, '2026-01-05', 1),
(9, 'zhengshi','$2a$10$ibW83Nv5NmQh1e1TlU8tdOazMzoe4aPsQRIJ2y9N6fqXuc7.FxiRK', '郑十', '13800000008', 'zhengshi@oa.com',  1, 5, 9, '2026-06-01', 1),
(10,'qianyi',  '$2a$10$ibW83Nv5NmQh1e1TlU8tdOazMzoe4aPsQRIJ2y9N6fqXuc7.FxiRK', '钱一', '13800000009', 'qianyi@oa.com',    0, 4, 7, '2026-07-01', 1);

-- 用户角色关联（新用户均为普通员工）
INSERT INTO sys_user_role (user_id, role_id) VALUES
(5, 4), (6, 4), (7, 4), (8, 4), (9, 4), (10, 4);

-- ============================================================
-- 2. attendance_db: 班次分配 + 打卡记录 + 每日汇总 + 排班
-- ============================================================
USE attendance_db;

-- 清理旧测试数据
DELETE FROM att_daily_summary;
DELETE FROM att_schedule;
DELETE FROM att_record;
DELETE FROM user_shift WHERE user_id >= 5;

-- 新用户班次分配
INSERT INTO user_shift (user_id, shift_id) VALUES
(5, 1), (6, 2), (7, 1), (8, 2), (9, 3), (10, 1);

-- -------------------------------------------------------
-- 7月份每日排班 att_schedule (7/1 ~ 7/23 工作日)
-- 全部用户使用其默认班次，个别日期有请假标记
-- -------------------------------------------------------
INSERT INTO att_schedule (user_id, schedule_date, shift_id, status) VALUES
-- user 1 (admin)
(1, '2026-07-01', 1, 1), (1, '2026-07-02', 1, 1), (1, '2026-07-03', 1, 1), (1, '2026-07-06', 1, 1), (1, '2026-07-07', 1, 1),
(1, '2026-07-08', 1, 1), (1, '2026-07-09', 1, 1), (1, '2026-07-10', 1, 1), (1, '2026-07-13', 1, 1), (1, '2026-07-14', 1, 1),
(1, '2026-07-15', 1, 1), (1, '2026-07-16', 1, 2), (1, '2026-07-17', 1, 2), (1, '2026-07-20', 1, 1), (1, '2026-07-21', 1, 1),
(1, '2026-07-22', 1, 1), (1, '2026-07-23', 1, 1),
-- user 2 (zhangsan)
(2, '2026-07-01', 1, 1), (2, '2026-07-02', 1, 1), (2, '2026-07-03', 1, 1), (2, '2026-07-06', 1, 1), (2, '2026-07-07', 1, 1),
(2, '2026-07-08', 1, 1), (2, '2026-07-09', 1, 1), (2, '2026-07-10', 1, 1), (2, '2026-07-13', 1, 1), (2, '2026-07-14', 1, 1),
(2, '2026-07-15', 1, 1), (2, '2026-07-16', 1, 1), (2, '2026-07-17', 1, 1), (2, '2026-07-20', 1, 1), (2, '2026-07-21', 1, 1),
(2, '2026-07-22', 1, 1), (2, '2026-07-23', 1, 1),
-- user 3 (lisi)
(3, '2026-07-01', 1, 1), (3, '2026-07-02', 1, 1), (3, '2026-07-03', 1, 1), (3, '2026-07-06', 1, 1), (3, '2026-07-07', 1, 1),
(3, '2026-07-08', 1, 1), (3, '2026-07-09', 1, 1), (3, '2026-07-10', 1, 1), (3, '2026-07-13', 1, 1), (3, '2026-07-14', 1, 1),
(3, '2026-07-15', 1, 1), (3, '2026-07-16', 1, 1), (3, '2026-07-17', 1, 1), (3, '2026-07-20', 1, 1), (3, '2026-07-21', 1, 1),
(3, '2026-07-22', 1, 1), (3, '2026-07-23', 1, 1),
-- user 4 (wangwu)
(4, '2026-07-01', 1, 1), (4, '2026-07-02', 1, 1), (4, '2026-07-03', 1, 1), (4, '2026-07-06', 1, 1), (4, '2026-07-07', 1, 1),
(4, '2026-07-08', 1, 1), (4, '2026-07-09', 1, 1), (4, '2026-07-10', 1, 1), (4, '2026-07-13', 1, 1), (4, '2026-07-14', 1, 1),
(4, '2026-07-15', 1, 1), (4, '2026-07-16', 1, 1), (4, '2026-07-17', 1, 1), (4, '2026-07-20', 1, 1), (4, '2026-07-21', 1, 1),
(4, '2026-07-22', 1, 1), (4, '2026-07-23', 1, 1),
-- user 5 (zhaoliu)
(5, '2026-07-01', 1, 1), (5, '2026-07-02', 1, 1), (5, '2026-07-03', 1, 1), (5, '2026-07-06', 1, 1), (5, '2026-07-07', 1, 1),
(5, '2026-07-08', 1, 1), (5, '2026-07-09', 1, 1), (5, '2026-07-10', 1, 1), (5, '2026-07-13', 1, 1), (5, '2026-07-14', 1, 1),
(5, '2026-07-15', 1, 1), (5, '2026-07-16', 1, 1), (5, '2026-07-17', 1, 1), (5, '2026-07-20', 1, 1), (5, '2026-07-21', 1, 1),
(5, '2026-07-22', 1, 1), (5, '2026-07-23', 1, 1),
-- user 6 (sunqi)
(6, '2026-07-01', 2, 1), (6, '2026-07-02', 2, 1), (6, '2026-07-03', 2, 1), (6, '2026-07-06', 2, 1), (6, '2026-07-07', 2, 1),
(6, '2026-07-08', 2, 1), (6, '2026-07-09', 2, 1), (6, '2026-07-10', 2, 1), (6, '2026-07-13', 2, 1), (6, '2026-07-14', 2, 1),
(6, '2026-07-15', 2, 1), (6, '2026-07-16', 2, 1), (6, '2026-07-17', 2, 1), (6, '2026-07-20', 2, 1), (6, '2026-07-21', 2, 1),
(6, '2026-07-22', 2, 1), (6, '2026-07-23', 2, 1),
-- user 7 (zhouba)
(7, '2026-07-01', 1, 1), (7, '2026-07-02', 1, 1), (7, '2026-07-03', 1, 1), (7, '2026-07-06', 1, 1), (7, '2026-07-07', 1, 1),
(7, '2026-07-08', 1, 1), (7, '2026-07-09', 1, 1), (7, '2026-07-10', 1, 1), (7, '2026-07-13', 1, 1), (7, '2026-07-14', 1, 1),
(7, '2026-07-15', 1, 1), (7, '2026-07-16', 1, 1), (7, '2026-07-17', 1, 1), (7, '2026-07-20', 1, 1), (7, '2026-07-21', 1, 1),
(7, '2026-07-22', 1, 1), (7, '2026-07-23', 1, 1),
-- user 8 (wujiu)
(8, '2026-07-01', 2, 1), (8, '2026-07-02', 2, 1), (8, '2026-07-03', 2, 1), (8, '2026-07-06', 2, 1), (8, '2026-07-07', 2, 1),
(8, '2026-07-08', 2, 1), (8, '2026-07-09', 2, 1), (8, '2026-07-10', 2, 1), (8, '2026-07-13', 2, 1), (8, '2026-07-14', 2, 1),
(8, '2026-07-15', 2, 1), (8, '2026-07-16', 2, 1), (8, '2026-07-17', 2, 1), (8, '2026-07-20', 2, 1), (8, '2026-07-21', 2, 1),
(8, '2026-07-22', 2, 1), (8, '2026-07-23', 2, 1),
-- user 9 (zhengshi, 6月入职)
(9, '2026-07-01', 3, 1), (9, '2026-07-02', 3, 1), (9, '2026-07-03', 3, 1), (9, '2026-07-06', 3, 1), (9, '2026-07-07', 3, 1),
(9, '2026-07-08', 3, 1), (9, '2026-07-09', 3, 1), (9, '2026-07-10', 3, 1), (9, '2026-07-13', 3, 1), (9, '2026-07-14', 3, 1),
(9, '2026-07-15', 3, 1), (9, '2026-07-16', 3, 1), (9, '2026-07-17', 3, 1), (9, '2026-07-20', 3, 1), (9, '2026-07-21', 3, 1),
(9, '2026-07-22', 3, 1), (9, '2026-07-23', 3, 1),
-- user 10 (qianyi, 7月入职)
(10,'2026-07-01', 1, 1), (10,'2026-07-02', 1, 1), (10,'2026-07-03', 1, 1), (10,'2026-07-06', 1, 1), (10,'2026-07-07', 1, 1),
(10,'2026-07-08', 1, 1), (10,'2026-07-09', 1, 1), (10,'2026-07-10', 1, 1), (10,'2026-07-13', 1, 1), (10,'2026-07-14', 1, 1),
(10,'2026-07-15', 1, 1), (10,'2026-07-16', 1, 1), (10,'2026-07-17', 1, 1), (10,'2026-07-20', 1, 1), (10,'2026-07-21', 1, 1),
(10,'2026-07-22', 1, 1), (10,'2026-07-23', 1, 1);

-- -------------------------------------------------------
-- 7月份打卡记录 att_record
-- 模拟: 正常/迟到/早退/请假/缺卡 各种场景
-- -------------------------------------------------------
INSERT INTO att_record (user_id, record_date, punch_in_time, punch_out_time, punch_type) VALUES
-- user 1 (admin, dept=1): 大部分正常, 7/14迟到, 7/16-17请假, 7/21早退
(1, '2026-07-01', '2026-07-01 08:52:00', '2026-07-01 18:10:00', 1),
(1, '2026-07-02', '2026-07-02 08:48:00', '2026-07-02 18:05:00', 1),
(1, '2026-07-03', '2026-07-03 08:55:00', '2026-07-03 18:15:00', 1),
(1, '2026-07-06', '2026-07-06 08:50:00', '2026-07-06 18:20:00', 1),
(1, '2026-07-07', '2026-07-07 08:58:00', '2026-07-07 18:02:00', 1),
(1, '2026-07-08', '2026-07-08 08:45:00', '2026-07-08 18:30:00', 1),
(1, '2026-07-09', '2026-07-09 09:02:00', '2026-07-09 18:08:00', 1),
(1, '2026-07-10', '2026-07-10 08:51:00', '2026-07-10 17:55:00', 1),
(1, '2026-07-13', '2026-07-13 08:47:00', '2026-07-13 18:12:00', 1),
(1, '2026-07-14', '2026-07-14 09:38:00', '2026-07-14 18:05:00', 1), -- 迟到
(1, '2026-07-15', '2026-07-15 08:53:00', '2026-07-15 18:10:00', 1),
-- 16-17 请假（仅标记，无打卡时间）
(1, '2026-07-16', NULL, NULL, 3),
(1, '2026-07-17', NULL, NULL, 3),
(1, '2026-07-20', '2026-07-20 08:50:00', '2026-07-20 19:00:00', 1), -- 加班
(1, '2026-07-21', '2026-07-21 08:55:00', '2026-07-21 17:10:00', 1), -- 早退
(1, '2026-07-22', '2026-07-22 08:49:00', '2026-07-22 18:06:00', 1),
(1, '2026-07-23', '2026-07-23 08:52:00', '2026-07-23 18:00:00', 1),

-- user 2 (zhangsan, dept=2): 全部正常, 少量迟到/缺卡
(2, '2026-07-01', '2026-07-01 08:55:00', '2026-07-01 18:02:00', 1),
(2, '2026-07-02', '2026-07-02 08:50:00', '2026-07-02 18:08:00', 1),
(2, '2026-07-03', '2026-07-03 09:15:00', '2026-07-03 18:10:00', 1), -- 迟到
(2, '2026-07-06', '2026-07-06 08:48:00', '2026-07-06 18:05:00', 1),
(2, '2026-07-07', '2026-07-07 08:52:00', '2026-07-07 18:12:00', 1),
(2, '2026-07-08', '2026-07-08 08:57:00', '2026-07-08 18:00:00', 1),
-- 7/9 缺卡（无记录 = 旷工）
(2, '2026-07-10', '2026-07-10 08:45:00', '2026-07-10 18:30:00', 1),
(2, '2026-07-13', '2026-07-13 08:51:00', '2026-07-13 18:07:00', 1),
(2, '2026-07-14', '2026-07-14 08:53:00', '2026-07-14 17:45:00', 1), -- 早退
(2, '2026-07-15', '2026-07-15 08:49:00', '2026-07-15 18:03:00', 1),
(2, '2026-07-16', '2026-07-16 08:56:00', '2026-07-16 18:10:00', 1),
-- 7/17 缺卡
(2, '2026-07-20', '2026-07-20 08:47:00', '2026-07-20 18:15:00', 1),
(2, '2026-07-21', '2026-07-21 08:50:00', '2026-07-21 18:05:00', 1),
(2, '2026-07-22', '2026-07-22 09:25:00', '2026-07-22 18:08:00', 1), -- 迟到
(2, '2026-07-23', '2026-07-23 08:54:00', '2026-07-23 18:02:00', 1),

-- user 3 (lisi, dept=3, HR经理): 大部分正常, 有请假
(3, '2026-07-01', '2026-07-01 08:50:00', '2026-07-01 18:10:00', 1),
(3, '2026-07-02', '2026-07-02 08:48:00', '2026-07-02 18:05:00', 1),
(3, '2026-07-03', '2026-07-03 08:53:00', '2026-07-03 18:12:00', 1),
(3, '2026-07-06', '2026-07-06 08:56:00', '2026-07-06 18:00:00', 1),
(3, '2026-07-07', '2026-07-07 08:51:00', '2026-07-07 18:08:00', 1),
(3, '2026-07-08', '2026-07-08 09:05:00', '2026-07-08 18:15:00', 1), -- 迟到
(3, '2026-07-09', '2026-07-09 08:49:00', '2026-07-09 18:03:00', 1),
(3, '2026-07-10', '2026-07-10 08:52:00', '2026-07-10 18:10:00', 1),
(3, '2026-07-13', '2026-07-13 08:47:00', '2026-07-13 18:20:00', 1), -- 加班
-- 14-15 请假
(3, '2026-07-14', NULL, NULL, 3),
(3, '2026-07-15', NULL, NULL, 3),
(3, '2026-07-16', '2026-07-16 08:50:00', '2026-07-16 18:06:00', 1),
(3, '2026-07-17', '2026-07-17 08:55:00', '2026-07-17 18:00:00', 1),
(3, '2026-07-20', '2026-07-20 08:48:00', '2026-07-20 18:10:00', 1),
(3, '2026-07-21', '2026-07-21 08:52:00', '2026-07-21 18:05:00', 1),
(3, '2026-07-22', '2026-07-22 08:50:00', '2026-07-22 17:50:00', 1), -- 早退
(3, '2026-07-23', '2026-07-23 08:55:00', '2026-07-23 18:02:00', 1),

-- user 4 (wangwu, dept=2, 前端): 有迟到+缺卡
(4, '2026-07-01', '2026-07-01 08:58:00', '2026-07-01 18:05:00', 1),
(4, '2026-07-02', '2026-07-02 09:20:00', '2026-07-02 18:10:00', 1), -- 迟到
(4, '2026-07-03', '2026-07-03 08:48:00', '2026-07-03 18:00:00', 1),
-- 6-7 缺卡
(4, '2026-07-08', '2026-07-08 08:55:00', '2026-07-08 18:08:00', 1),
(4, '2026-07-09', '2026-07-09 08:50:00', '2026-07-09 17:30:00', 1), -- 早退
(4, '2026-07-10', '2026-07-10 08:52:00', '2026-07-10 18:12:00', 1),
(4, '2026-07-13', '2026-07-13 08:49:00', '2026-07-13 18:05:00', 1),
(4, '2026-07-14', '2026-07-14 09:35:00', '2026-07-14 18:02:00', 1), -- 迟到
(4, '2026-07-15', '2026-07-15 08:51:00', '2026-07-15 18:10:00', 1),
(4, '2026-07-16', '2026-07-16 08:47:00', '2026-07-16 18:15:00', 1),
-- 17 缺卡
(4, '2026-07-20', '2026-07-20 08:53:00', '2026-07-20 18:04:00', 1),
(4, '2026-07-21', '2026-07-21 08:50:00', '2026-07-21 18:08:00', 1),
(4, '2026-07-22', '2026-07-22 08:56:00', '2026-07-22 18:00:00', 1),
(4, '2026-07-23', '2026-07-23 08:52:00', '2026-07-23 18:06:00', 1),

-- user 5 (zhaoliu, dept=4, 财务): 全部正常
(5, '2026-07-01', '2026-07-01 08:50:00', '2026-07-01 18:05:00', 1),
(5, '2026-07-02', '2026-07-02 08:48:00', '2026-07-02 18:02:00', 1),
(5, '2026-07-03', '2026-07-03 08:53:00', '2026-07-03 18:10:00', 1),
(5, '2026-07-06', '2026-07-06 08:55:00', '2026-07-06 18:07:00', 1),
(5, '2026-07-07', '2026-07-07 08:51:00', '2026-07-07 18:03:00', 1),
(5, '2026-07-08', '2026-07-08 08:49:00', '2026-07-08 18:12:00', 1),
(5, '2026-07-09', '2026-07-09 08:52:00', '2026-07-09 18:00:00', 1),
(5, '2026-07-10', '2026-07-10 08:47:00', '2026-07-10 18:08:00', 1),
(5, '2026-07-13', '2026-07-13 08:54:00', '2026-07-13 18:05:00', 1),
(5, '2026-07-14', '2026-07-14 08:50:00', '2026-07-14 18:10:00', 1),
(5, '2026-07-15', '2026-07-15 08:48:00', '2026-07-15 18:03:00', 1),
(5, '2026-07-16', '2026-07-16 08:55:00', '2026-07-16 18:06:00', 1),
(5, '2026-07-17', '2026-07-17 08:51:00', '2026-07-17 18:00:00', 1),
(5, '2026-07-20', '2026-07-20 08:49:00', '2026-07-20 18:15:00', 1), -- 加班
(5, '2026-07-21', '2026-07-21 08:53:00', '2026-07-21 18:04:00', 1),
(5, '2026-07-22', '2026-07-22 08:50:00', '2026-07-22 18:02:00', 1),
(5, '2026-07-23', '2026-07-23 08:52:00', '2026-07-23 18:07:00', 1),

-- user 6 (sunqi, dept=5, 市场经理): 有迟到, 弹性班次
(6, '2026-07-01', '2026-07-01 09:10:00', '2026-07-01 18:10:00', 1), -- 弹性班正常
(6, '2026-07-02', '2026-07-02 09:30:00', '2026-07-02 18:15:00', 1),
(6, '2026-07-03', '2026-07-03 10:05:00', '2026-07-03 18:05:00', 1), -- 迟到 (弹性10:00截止)
(6, '2026-07-06', '2026-07-06 09:15:00', '2026-07-06 18:08:00', 1),
(6, '2026-07-07', '2026-07-07 09:20:00', '2026-07-07 18:12:00', 1),
(6, '2026-07-08', '2026-07-08 09:00:00', '2026-07-08 18:00:00', 1),
(6, '2026-07-09', '2026-07-09 09:25:00', '2026-07-09 17:40:00', 1), -- 早退
(6, '2026-07-10', '2026-07-10 09:05:00', '2026-07-10 18:10:00', 1),
-- 13-14 缺卡
(6, '2026-07-15', '2026-07-15 09:10:00', '2026-07-15 18:05:00', 1),
(6, '2026-07-16', '2026-07-16 09:18:00', '2026-07-16 18:03:00', 1),
(6, '2026-07-17', '2026-07-17 09:08:00', '2026-07-17 18:10:00', 1),
(6, '2026-07-20', '2026-07-20 10:15:00', '2026-07-20 18:08:00', 1), -- 迟到
(6, '2026-07-21', '2026-07-21 09:12:00', '2026-07-21 18:05:00', 1),
(6, '2026-07-22', '2026-07-22 09:08:00', '2026-07-22 18:00:00', 1),
(6, '2026-07-23', '2026-07-23 09:15:00', '2026-07-23 18:12:00', 1),

-- user 7 (zhouba, dept=2, Java开发): 有外勤打卡
(7, '2026-07-01', '2026-07-01 08:45:00', '2026-07-01 18:05:00', 1),
(7, '2026-07-02', '2026-07-02 08:50:00', '2026-07-02 18:10:00', 1),
(7, '2026-07-03', '2026-07-03 08:52:00', '2026-07-03 18:00:00', 1),
(7, '2026-07-06', '2026-07-06 08:48:00', '2026-07-06 18:08:00', 1),
(7, '2026-07-07', '2026-07-07 08:55:00', '2026-07-07 18:03:00', 1),
(7, '2026-07-08', '2026-07-08 09:12:00', '2026-07-08 18:15:00', 1), -- 迟到
(7, '2026-07-09', '2026-07-09 08:50:00', '2026-07-09 18:05:00', 1),
(7, '2026-07-10', '2026-07-10 08:47:00', '2026-07-10 20:00:00', 1), -- 加班
(7, '2026-07-13', '2026-07-13 08:53:00', '2026-07-13 18:02:00', 2), -- 外勤
(7, '2026-07-14', '2026-07-14 08:49:00', '2026-07-14 18:10:00', 1),
(7, '2026-07-15', '2026-07-15 08:51:00', '2026-07-15 18:07:00', 1),
(7, '2026-07-16', '2026-07-16 08:46:00', '2026-07-16 17:30:00', 1), -- 早退
(7, '2026-07-17', '2026-07-17 08:50:00', '2026-07-17 18:05:00', 1),
(7, '2026-07-20', '2026-07-20 08:52:00', '2026-07-20 18:10:00', 1),
(7, '2026-07-21', '2026-07-21 08:48:00', '2026-07-21 18:00:00', 1),
(7, '2026-07-22', '2026-07-22 08:55:00', '2026-07-22 18:08:00', 1),
(7, '2026-07-23', '2026-07-23 08:50:00', '2026-07-23 18:05:00', 1),

-- user 8 (wujiu, dept=3, HR专员): 弹性班次, 大部分正常
(8, '2026-07-01', '2026-07-01 09:05:00', '2026-07-01 18:10:00', 1),
(8, '2026-07-02', '2026-07-02 09:15:00', '2026-07-02 18:05:00', 1),
(8, '2026-07-03', '2026-07-03 09:00:00', '2026-07-03 18:00:00', 1),
(8, '2026-07-06', '2026-07-06 09:20:00', '2026-07-06 18:08:00', 1),
(8, '2026-07-07', '2026-07-07 09:10:00', '2026-07-07 18:03:00', 1),
(8, '2026-07-08', '2026-07-08 09:50:00', '2026-07-08 18:12:00', 1), -- 迟到
(8, '2026-07-09', '2026-07-09 09:08:00', '2026-07-09 18:05:00', 1),
(8, '2026-07-10', '2026-07-10 09:12:00', '2026-07-10 18:00:00', 1),
(8, '2026-07-13', '2026-07-13 09:00:00', '2026-07-13 18:10:00', 1),
(8, '2026-07-14', '2026-07-14 09:15:00', '2026-07-14 17:45:00', 1), -- 早退
(8, '2026-07-15', '2026-07-15 09:05:00', '2026-07-15 18:07:00', 1),
(8, '2026-07-16', '2026-07-16 09:10:00', '2026-07-16 18:02:00', 1),
(8, '2026-07-17', '2026-07-17 09:08:00', '2026-07-17 18:05:00', 1),
(8, '2026-07-20', '2026-07-20 09:12:00', '2026-07-20 18:10:00', 1),
(8, '2026-07-21', '2026-07-21 09:10:00', '2026-07-21 18:00:00', 1),
(8, '2026-07-22', '2026-07-22 09:05:00', '2026-07-22 18:08:00', 1),
(8, '2026-07-23', '2026-07-23 09:08:00', '2026-07-23 18:05:00', 1),

-- user 9 (zhengshi, dept=5, 晚班 14:00-22:00)
(9, '2026-07-01', '2026-07-01 13:55:00', '2026-07-01 22:05:00', 1),
(9, '2026-07-02', '2026-07-02 13:50:00', '2026-07-02 22:10:00', 1),
(9, '2026-07-03', '2026-07-03 14:05:00', '2026-07-03 22:00:00', 1),
(9, '2026-07-06', '2026-07-06 13:48:00', '2026-07-06 22:08:00', 1),
(9, '2026-07-07', '2026-07-07 13:52:00', '2026-07-07 22:03:00', 1),
(9, '2026-07-08', '2026-07-08 14:10:00', '2026-07-08 22:05:00', 1), -- 迟到
(9, '2026-07-09', '2026-07-09 13:50:00', '2026-07-09 22:00:00', 1),
(9, '2026-07-10', '2026-07-10 13:55:00', '2026-07-10 22:10:00', 1),
(9, '2026-07-13', '2026-07-13 13:48:00', '2026-07-13 22:08:00', 1),
(9, '2026-07-14', '2026-07-14 13:52:00', '2026-07-14 21:30:00', 1), -- 早退
(9, '2026-07-15', '2026-07-15 13:50:00', '2026-07-15 22:05:00', 1),
(9, '2026-07-16', '2026-07-16 13:55:00', '2026-07-16 23:00:00', 1), -- 加班
(9, '2026-07-17', '2026-07-17 13:48:00', '2026-07-17 22:00:00', 1),
-- 20-21 缺卡
(9, '2026-07-22', '2026-07-22 13:52:00', '2026-07-22 22:05:00', 1),
(9, '2026-07-23', '2026-07-23 13:55:00', '2026-07-23 22:02:00', 1),

-- user 10 (qianyi, dept=4, 财务部新员工 7月入职)
(10,'2026-07-01', '2026-07-01 08:55:00', '2026-07-01 18:05:00', 1),
(10,'2026-07-02', '2026-07-02 08:50:00', '2026-07-02 18:00:00', 1),
(10,'2026-07-03', '2026-07-03 08:48:00', '2026-07-03 18:10:00', 1),
(10,'2026-07-06', '2026-07-06 08:52:00', '2026-07-06 18:05:00', 1),
(10,'2026-07-07', '2026-07-07 08:55:00', '2026-07-07 18:02:00', 1),
(10,'2026-07-08', '2026-07-08 08:50:00', '2026-07-08 18:08:00', 1),
(10,'2026-07-09', '2026-07-09 08:48:00', '2026-07-09 18:03:00', 1),
(10,'2026-07-10', '2026-07-10 08:53:00', '2026-07-10 18:10:00', 1),
(10,'2026-07-13', '2026-07-13 08:55:00', '2026-07-13 18:05:00', 1),
(10,'2026-07-14', '2026-07-14 08:50:00', '2026-07-14 18:00:00', 1),
(10,'2026-07-15', '2026-07-15 08:52:00', '2026-07-15 18:08:00', 1),
(10,'2026-07-16', '2026-07-16 08:48:00', '2026-07-16 18:05:00', 1),
(10,'2026-07-17', '2026-07-17 08:55:00', '2026-07-17 18:02:00', 1),
(10,'2026-07-20', '2026-07-20 08:50:00', '2026-07-20 18:10:00', 1),
(10,'2026-07-21', '2026-07-21 08:52:00', '2026-07-21 18:05:00', 1),
(10,'2026-07-22', '2026-07-22 08:48:00', '2026-07-22 18:00:00', 1),
-- 7/23 缺卡
(10,'2026-07-23', NULL, NULL, 1);

-- ============================================================
-- 3. approval_db: 请假/加班/外出申请 + 审批记录
-- ============================================================
USE approval_db;

-- 清理旧测试数据
DELETE FROM app_approval_record;
DELETE FROM app_application;

INSERT INTO app_application (id, application_no, user_id, dept_id, app_type, leave_type, start_time, end_time, duration, reason, status, create_time) VALUES
-- admin: 请假已通过(16-17)
(1, 'LV20260715001', 1, 1, 1, 1, '2026-07-16 09:00:00', '2026-07-17 18:00:00', 2.0, '年假休息', 2, '2026-07-15 08:30:00'),
-- zhangsan: 加班申请待审批
(2, 'OT20260720001', 2, 2, 2, NULL, '2026-07-20 18:00:00', '2026-07-20 21:00:00', 3.0, '项目上线加班', 1, '2026-07-19 14:20:00'),
-- zhangsan: 外出已通过
(3, 'OUT20260708001', 2, 2, 3, NULL, '2026-07-08 14:00:00', '2026-07-08 17:00:00', 3.0, '拜访客户', 2, '2026-07-07 10:00:00'),
-- lisi: 请假已通过(14-15)
(4, 'LV20260713001', 3, 3, 1, 2, '2026-07-14 09:00:00', '2026-07-15 18:00:00', 2.0, '家里有事', 2, '2026-07-13 09:15:00'),
-- lisi: 请假已驳回
(5, 'LV20260705001', 3, 3, 1, 3, '2026-07-08 09:00:00', '2026-07-08 18:00:00', 1.0, '看病', 3, '2026-07-04 20:00:00'),
-- wangwu: 请假待审批
(6, 'LV20260722001', 4, 2, 1, 1, '2026-07-23 09:00:00', '2026-07-24 18:00:00', 2.0, '年假申请', 1, '2026-07-22 09:00:00'),
-- sunqi: 外出已通过
(7, 'OUT20260715001', 6, 5, 3, NULL, '2026-07-15 10:00:00', '2026-07-15 16:00:00', 6.0, '市场调研', 2, '2026-07-14 15:00:00'),
-- sunqi: 加班已拒绝
(8, 'OT20260710001', 6, 5, 2, NULL, '2026-07-10 18:00:00', '2026-07-10 22:00:00', 4.0, '活动准备', 3,  '2026-07-09 17:00:00'),
-- zhouba: 请假已通过
(9, 'LV20260701001', 7, 2, 1, 1, '2026-07-13 09:00:00', '2026-07-13 18:00:00', 1.0, '外出半天', 2, '2026-06-30 12:00:00'),
-- wujiu: 加班待审批
(10,'OT20260721001', 8, 3, 2, NULL, '2026-07-21 18:00:00', '2026-07-21 20:00:00', 2.0, '月底报表', 1, '2026-07-20 16:30:00'),
-- zhaoliu: 外出已驳回
(11,'OUT20260702001', 5, 4, 3, NULL, '2026-07-03 09:00:00', '2026-07-03 12:00:00', 3.0, '银行办事', 3, '2026-07-01 11:00:00'),
-- zhengshi: 请假已通过
(12,'LV20260720001', 9, 5, 1, 2, '2026-07-20 14:00:00', '2026-07-21 22:00:00', 2.0, '个人事务', 2, '2026-07-18 08:00:00'),
-- qianyi: 请假待审批
(13,'LV20260723001',10, 4, 1, 3, '2026-07-23 09:00:00', '2026-07-23 18:00:00', 1.0, '身体不适', 1, '2026-07-22 20:30:00'),
-- admin: 加班申请已通过
(14,'OT20260720002', 1, 1, 2, NULL, '2026-07-20 18:00:00', '2026-07-20 20:00:00', 2.0, '系统维护', 2, '2026-07-19 10:00:00');

INSERT INTO app_approval_record (application_id, approver_id, action, comment, action_time) VALUES
-- 申请1: lisi审批通过
(1, 3, 1, '同意年假', '2026-07-15 10:30:00'),
-- 申请3: lisi审批通过
(3, 3, 1, '同意外出', '2026-07-07 14:00:00'),
-- 申请4: admin审批通过
(4, 1, 1, '同意事假', '2026-07-13 11:00:00'),
-- 申请5: admin审批驳回
(5, 1, 2, '当天人员不足，请改天', '2026-07-05 09:00:00'),
-- 申请7: admin审批通过
(7, 1, 1, '同意', '2026-07-14 16:00:00'),
-- 申请8: admin审批驳回
(8, 1, 2, '活动已取消', '2026-07-10 09:00:00'),
-- 申请9: lisi审批通过
(9, 3, 1, '同意', '2026-07-01 08:30:00'),
-- 申请11: admin审批驳回
(11,1, 2, '请在线上办理，无需外出', '2026-07-02 09:00:00'),
-- 申请12: admin审批通过
(12,1, 1, '同意', '2026-07-19 10:00:00'),
-- 申请14: lisi审批通过
(14,3, 1, '同意加班', '2026-07-19 15:00:00');

-- ============================================================
-- 4. notice_db: 公告 + 消息
-- ============================================================
USE notice_db;

-- 清理旧测试数据（保留 id=1 的欢迎公告）
DELETE FROM ntc_message;
DELETE FROM ntc_notice WHERE id > 1;

-- 追加几条公告
INSERT INTO ntc_notice (id, title, content, publisher_id, notice_type, target_type, start_time, status) VALUES
(2, '2026年7月全员大会通知', '<p>定于7月28日下午3点在A座会议室召开全员大会，请各部门准时参加。</p>', 1, 1, 1, '2026-07-20 09:00:00', 1),
(3, '技术部项目上线通知', '<p>新版OA系统将于本周五正式上线，请技术部相关人员做好最后测试和上线准备。</p>', 2, 2, 2, '2026-07-18 10:00:00', 1),
(4, '高温补贴发放通知', '<p>根据公司规定，2026年7月高温补贴将于下周五随工资发放，标准为每人300元。</p>', 3, 1, 1, '2026-07-15 09:00:00', 1),
(5, '办公室空调维修通知', '<p>7月24日（周五）上午8:00-12:00对办公室空调进行检修，届时可能影响部分区域，请谅解。</p>', 1, 1, 1, '2026-07-22 14:00:00', 1);

-- 站内消息
INSERT INTO ntc_message (id, user_id, title, content, msg_type, related_id, is_read, create_time) VALUES
(1, 1, '您有一条新的审批待办', '张三提交了一条加班申请，请及时审批。', 1, 2, 0, '2026-07-19 14:20:00'),
(2, 1, '您有一条新的审批待办', '王五提交了一条请假申请，请及时审批。', 1, 6, 0, '2026-07-22 09:00:00'),
(3, 3, '您有一条新的审批待办', '吴九提交了一条加班申请，请及时审批。', 1, 10, 1, '2026-07-20 16:30:00'),
(4, 1, '上班打卡迟到提醒', '您今天上班打卡迟到8分钟。', 2, NULL, 1, '2026-07-14 09:40:00'),
(5, 2, '上班打卡迟到提醒', '您今天上班打卡迟到15分钟。', 2, NULL, 1, '2026-07-03 09:16:00'),
(6, 2, '申请审批结果', '您的外出申请已被通过。', 1, 3, 1, '2026-07-07 14:01:00'),
(7, 3, '申请审批结果', '您的请假申请已被通过。', 1, 4, 1, '2026-07-13 11:01:00'),
(8, 3, '申请审批结果', '您的请假申请已被驳回。', 1, 5, 1, '2026-07-05 09:01:00'),
(9, 1, '下班打卡早退提醒', '您今天下班打卡早退50分钟。', 2, NULL, 0, '2026-07-21 17:11:00'),
(10, 2, '上班打卡迟到提醒', '您今天上班打卡迟到25分钟。', 2, NULL, 0, '2026-07-22 09:26:00'),
(11, 7, '上班打卡迟到提醒', '您今天上班打卡迟到12分钟。', 2, NULL, 1, '2026-07-08 09:13:00'),
(12, 4, '上班打卡迟到提醒', '您今天上班打卡迟到35分钟。', 2, NULL, 0, '2026-07-14 09:36:00');

-- ============================================================
-- 5. asset_db: 资产 + 领用记录 + 员工档案 + 人事变动
-- ============================================================
USE asset_db;

-- 清理旧测试数据
DELETE FROM ast_asset_record;
DELETE FROM ast_asset;
DELETE FROM ast_staff_change;
DELETE FROM ast_employee_archive;

-- 固定资产
INSERT INTO ast_asset (id, asset_name, asset_code, category, model, purchase_date, purchase_price, status) VALUES
(1, 'ThinkPad X1 笔记本',   'AST-2024-001', 3, 'X1 Carbon Gen11',  '2024-03-15', 8999.00,  2),
(2, 'Dell 27寸显示器',       'AST-2024-002', 3, 'U2723QE',          '2024-03-15', 3299.00,  2),
(3, '华为 Mate 60 Pro',      'AST-2024-003', 3, 'Mate 60 Pro 512G', '2024-05-20', 6999.00,  2),
(4, 'A4打印纸(箱)',          'AST-2025-001', 2, '70g 5000张',       '2025-01-10', 120.00,   2),
(5, '办公桌椅套装',          'AST-2024-004', 1, '人体工学椅+电动桌', '2024-02-01', 4500.00,  2),
(6, 'MacBook Pro 16',        'AST-2024-005', 3, 'M3 Pro 36GB',      '2024-06-01', 19999.00, 2),
(7, '投影仪',                'AST-2025-002', 3, 'Epson CB-X51',     '2025-03-10', 5500.00,  1),
(8, '会议平板',              'AST-2025-003', 3, 'MaxHub 86寸',      '2025-06-15', 18999.00, 1),
(9, '饮水机',                'AST-2024-006', 2, '美的 YR1616',      '2024-08-20', 899.00,   2),
(10,'碎纸机',                'AST-2025-004', 2, '得力 33086',       '2025-09-05', 599.00,   2);

-- 资产领用记录
INSERT INTO ast_asset_record (id, asset_id, user_id, borrow_date, expect_return_date, actual_return_date, status) VALUES
(1, 1, 2, '2024-03-20', NULL,          NULL,          1),
(2, 2, 2, '2024-03-20', NULL,          NULL,          1),
(3, 3, 3, '2024-06-01', NULL,          NULL,          1),
(4, 4, 5, '2025-01-15', NULL,          NULL,          1),
(5, 5, 4, '2024-02-05', NULL,          NULL,          1),
(6, 6, 1, '2024-06-05', NULL,          NULL,          1),
(7, 7, 5, '2025-06-01', '2025-06-30',  '2025-06-28', 2),
(8, 9, 8, '2024-09-01', NULL,          NULL,          1),
(9, 10,3, '2025-10-01', NULL,          NULL,          1);

-- 员工档案
INSERT INTO ast_employee_archive (id, user_id, id_card, education, major, graduate_school, address, emergency_contact, emergency_phone, contract_start, contract_end) VALUES
(1, 1, '110101199001010011', 4, '计算机科学与技术', '清华大学',     '北京市海淀区中关村1号', '张丽', '13900000001', '2024-01-01', '2027-12-31'),
(2, 2, '110101199505150021', 3, '软件工程',         '武汉理工大学',  '湖北省武汉市洪山区',   '李芳', '13900000002', '2024-06-01', '2027-05-31'),
(3, 3, '110101199208200031', 3, '人力资源管理',     '复旦大学',      '上海市杨浦区五角场',   '赵刚', '13900000003', '2024-08-15', '2027-08-14'),
(4, 4, '110101199611300041', 3, '前端开发',         '浙江大学',      '浙江省杭州市西湖区',   '钱梅', '13900000004', '2025-01-10', '2028-01-09'),
(5, 5, '110101199304250051', 3, '会计学',           '中央财经大学',  '北京市西城区金融街',   '孙强', '13900000005', '2025-03-20', '2028-03-19'),
(6, 6, '110101199107120061', 2, '市场营销',         '南京大学',      '江苏省南京市玄武区',   '周红', '13900000006', '2025-06-01', '2028-05-31'),
(7, 7, '110101199710180071', 3, '软件工程',         '华中科技大学',  '湖北省武汉市光谷',     '吴芳', '13900000007', '2025-09-01', '2028-08-31'),
(8, 8, '110101199405220081', 3, '人力资源管理',     '武汉大学',      '湖北省武汉市武昌区',   '郑丽', '13900000008', '2026-01-05', '2029-01-04'),
(9, 9, '110101199808150091', 4, '市场营销',         '厦门大学',      '福建省厦门市思明区',   '王军', '13900000009', '2026-06-01', '2029-05-31'),
(10,10,'110101200001010101', 3, '财务管理',         '上海财经大学',  '上海市浦东新区',       '陈红', '13900000010', '2026-07-01', '2029-06-30');

-- 人事变动记录
INSERT INTO ast_staff_change (id, user_id, change_type, before_dept, after_dept, before_position, after_position, change_date, remark) VALUES
(1, 2, 1, NULL, 2, NULL, 3, '2024-06-01', '张三入职'),
(2, 3, 1, NULL, 3, NULL, 5, '2024-08-15', '李四入职'),
(3, 5, 1, NULL, 4, NULL, 7, '2025-03-20', '赵六入职'),
(4, 9, 1, NULL, 5, NULL, 9, '2026-06-01', '郑十入职'),
(5, 10,1, NULL, 4, NULL, 7, '2026-07-01', '钱一入职'),
(6, 3, 2, 3, 3, 5, 5, '2024-11-15', '李四转正');

-- ============================================================
-- 6. ai_db: AI对话记录
-- ============================================================
USE ai_db;

-- 清理旧测试数据
DELETE FROM ai_conversation;

INSERT INTO ai_conversation (id, user_id, session_id, question, answer, category, tokens_used) VALUES
(1, 1, 'sess-admin-20260720', '帮我分析一下7月考勤异常情况', '{"type":"analysis","dept_summary":[{"dept":"技术部","abnormal_rate":"8.5%"},{"dept":"市场部","abnormal_rate":"12.3%"}],"total_abnormal":15}', 2, 350),
(2, 2, 'sess-zs-20260721', '帮我提交一个请假申请', '好的，请告诉我请假日期、类型和原因。', 1, 120),
(3, 3, 'sess-ls-20260715', '本月部门加班统计', 'HR部门7月加班总时长为28.5小时，其中吴九加班8.5小时，李四加班20小时。', 2, 200),
(4, 4, 'sess-ww-20260710', '公司办公用品申领流程', '办公用品申领流程：1.提交申请单 2.部门主管审批 3.行政确认 4.领取物品。', 3, 180),
(5, 6, 'sess-sq-20260714', '帮我写个市场调研报告大纲', '以下是市场调研报告大纲：\n一、调研背景与目的\n二、调研方法与样本\n三、数据分析\n四、竞品分析\n五、结论与建议', 3, 250);

-- ============================================================
-- 7. statistics_db: 统计汇总数据 (手动填充)
-- ============================================================
USE statistics_db;

-- 清理旧测试数据
DELETE FROM stat_attendance_monthly;
DELETE FROM stat_approval_summary;
DELETE FROM stat_dept_overview;

-- 7月份部门概览 (stat_dept_overview)
INSERT INTO stat_dept_overview (stat_month, dept_id, active_employees, new_hires, resignations, attendance_rate) VALUES
('2026-07', 1, 1, 0, 0, 88.24),
('2026-07', 2, 3, 0, 0, 82.35),
('2026-07', 3, 2, 0, 0, 88.24),
('2026-07', 4, 2, 1, 0, 97.06),
('2026-07', 5, 2, 1, 0, 76.47);

-- 6月份部门概览
INSERT INTO stat_dept_overview (stat_month, dept_id, active_employees, new_hires, resignations, attendance_rate) VALUES
('2026-06', 1, 1, 0, 0, 95.00),
('2026-06', 2, 2, 0, 0, 92.50),
('2026-06', 3, 2, 0, 0, 90.00),
('2026-06', 4, 1, 0, 0, 98.00),
('2026-06', 5, 1, 1, 0, 85.00);

-- 7月份月考勤统计
INSERT INTO stat_attendance_monthly (stat_month, dept_id, total_employees, normal_count, late_count, early_count, absent_count, leave_count, overtime_total) VALUES
('2026-07', 1, 1,  13, 1, 1, 0, 2, 2.0),
('2026-07', 2, 3,  36, 5, 2, 4, 0, 4.5),
('2026-07', 3, 2,  28, 2, 2, 0, 2, 3.5),
('2026-07', 4, 2,  32, 0, 0, 1, 1, 2.5),
('2026-07', 5, 2,  24, 4, 2, 2, 0, 1.0);

-- 6月份月考勤统计
INSERT INTO stat_attendance_monthly (stat_month, dept_id, total_employees, normal_count, late_count, early_count, absent_count, leave_count, overtime_total) VALUES
('2026-06', 1, 1,  20, 1, 1, 0, 0, 1.5),
('2026-06', 2, 2,  36, 3, 2, 1, 0, 3.0),
('2026-06', 3, 2,  34, 2, 2, 0, 2, 2.0),
('2026-06', 4, 1,  20, 0, 1, 0, 1, 1.0),
('2026-06', 5, 1,  17, 2, 1, 0, 0, 0.5);

-- 7月份审批汇总
INSERT INTO stat_approval_summary (stat_month, dept_id, total_applications, approved_count, rejected_count, pending_count, avg_approval_hours) VALUES
('2026-07', 1, 2, 2, 0, 0, 3.5),
('2026-07', 2, 3, 1, 0, 2, 5.0),
('2026-07', 3, 3, 1, 1, 1, 4.2),
('2026-07', 4, 2, 0, 1, 1, 2.0),
('2026-07', 5, 2, 1, 1, 0, 3.8);

-- 6月份审批汇总
INSERT INTO stat_approval_summary (stat_month, dept_id, total_applications, approved_count, rejected_count, pending_count, avg_approval_hours) VALUES
('2026-06', 1, 1, 1, 0, 0, 2.0),
('2026-06', 2, 2, 1, 0, 1, 4.5),
('2026-06', 3, 2, 2, 0, 0, 3.0),
('2026-06', 4, 1, 1, 0, 0, 2.5),
('2026-06', 5, 1, 0, 1, 0, 5.0);
